Leeds,United Kingdom
Luton,United Kingdom
Derby,United Kingdom
Dover,United Kingdom
Tours,France
Paris,France
Nancy,France
Brest,France
Reims,France
Turin,Italy
Siena,Italy
Genoa,Italy
Worms,Germany
Kirov,Russia
Kursk,Russia
Yalta,Russia
Gorky,Russia
Romsk,Russia
Kazan,Russia
Gomel,Belarus
Minsk,Belarus
Sofia,Bulgaria
Varna,Bulgaria
Vidin,Bulgaria
Vaduz,Liechtenstein
Basel,Switzerland
Jassy,Romania
Porto,Portugal
Agram,Crotia
Split,Crotia
Zadar,Crotia
Argos,Greece
Berat,Albania
Posen,Poland
Radom,Poland